,ald001,am001,ic001,ptsa,ptsa_dil_x_10,DMF
0,20,12,20,0,16,132
1,20,12,20,20.8,0,127.2
2,20,12,20,40,0,108
3,20,12,35,0,16,117
4,20,12,35,20.8,0,112.2
5,20,12,35,40,0,93
6,20,12,50,0,16,102
7,20,12,50,20.8,0,97.2
0,0,0,0,0,0,0
0,0,0,0,0,0,0
0,0,0,0,0,0,0
0,0,0,0,0,0,0
0,0,0,0,0,0,0
0,0,0,0,0,0,0
0,0,0,0,0,0,0
0,0,0,0,0,0,0
0,0,0,0,0,0,0
8,20,12,50,40,0,78
9,20,12.62068966,20,0,16,131.3793103
10,20,12.62068966,20,20.8,0,126.5793103
11,20,12.62068966,20,40,0,107.3793103
12,20,12.62068966,35,0,16,116.3793103
13,20,12.62068966,35,20.8,0,111.5793103
14,20,12.62068966,35,40,0,92.37931034
15,20,12.62068966,50,0,16,101.3793103
16,20,12.62068966,50,20.8,0,96.57931034
0,0,0,0,0,0,0
0,0,0,0,0,0,0
0,0,0,0,0,0,0
0,0,0,0,0,0,0
0,0,0,0,0,0,0
0,0,0,0,0,0,0
0,0,0,0,0,0,0
0,0,0,0,0,0,0
0,0,0,0,0,0,0
17,20,12.62068966,50,40,0,77.37931034
18,20,13.24137931,20,0,16,130.7586207
19,20,13.24137931,20,20.8,0,125.9586207
20,20,13.24137931,20,40,0,106.7586207
21,20,13.24137931,35,0,16,115.7586207
22,20,13.24137931,35,20.8,0,110.9586207
23,20,13.24137931,35,40,0,91.75862069
24,20,13.24137931,50,0,16,100.7586207
25,20,13.24137931,50,20.8,0,95.95862069
0,0,0,0,0,0,0
0,0,0,0,0,0,0
0,0,0,0,0,0,0
0,0,0,0,0,0,0
0,0,0,0,0,0,0
0,0,0,0,0,0,0
0,0,0,0,0,0,0
0,0,0,0,0,0,0
0,0,0,0,0,0,0
26,20,13.24137931,50,40,0,76.75862069
27,20,13.86206897,20,0,16,130.137931
28,20,13.86206897,20,20.8,0,125.337931
29,20,13.86206897,20,40,0,106.137931
30,20,13.86206897,35,0,16,115.137931
31,20,13.86206897,35,20.8,0,110.337931
32,20,13.86206897,35,40,0,91.13793103
33,20,13.86206897,50,0,16,100.137931
34,20,13.86206897,50,20.8,0,95.33793103
0,0,0,0,0,0,0
0,0,0,0,0,0,0
0,0,0,0,0,0,0
0,0,0,0,0,0,0
0,0,0,0,0,0,0
0,0,0,0,0,0,0
0,0,0,0,0,0,0
0,0,0,0,0,0,0
0,0,0,0,0,0,0
35,20,13.86206897,50,40,0,76.13793103
36,20,14.48275862,20,0,16,129.5172414
37,20,14.48275862,20,20.8,0,124.7172414
38,20,14.48275862,20,40,0,105.5172414
39,20,14.48275862,35,0,16,114.5172414
40,20,14.48275862,35,20.8,0,109.7172414
41,20,14.48275862,35,40,0,90.51724138
42,20,14.48275862,50,0,16,99.51724138
43,20,14.48275862,50,20.8,0,94.71724138
0,0,0,0,0,0,0
0,0,0,0,0,0,0
0,0,0,0,0,0,0
0,0,0,0,0,0,0
0,0,0,0,0,0,0
0,0,0,0,0,0,0
0,0,0,0,0,0,0
0,0,0,0,0,0,0
0,0,0,0,0,0,0
44,20,14.48275862,50,40,0,75.51724138
45,20,15.10344828,20,0,16,128.8965517
46,20,15.10344828,20,20.8,0,124.0965517
47,20,15.10344828,20,40,0,104.8965517
48,20,15.10344828,35,0,16,113.8965517
49,20,15.10344828,35,20.8,0,109.0965517
50,20,15.10344828,35,40,0,89.89655172
51,20,15.10344828,50,0,16,98.89655172
52,20,15.10344828,50,20.8,0,94.09655172
0,0,0,0,0,0,0
0,0,0,0,0,0,0
0,0,0,0,0,0,0
0,0,0,0,0,0,0
0,0,0,0,0,0,0
0,0,0,0,0,0,0
0,0,0,0,0,0,0
0,0,0,0,0,0,0
0,0,0,0,0,0,0
53,20,15.10344828,50,40,0,74.89655172
54,20,15.72413793,20,0,16,128.2758621
55,20,15.72413793,20,20.8,0,123.4758621
56,20,15.72413793,20,40,0,104.2758621
57,20,15.72413793,35,0,16,113.2758621
58,20,15.72413793,35,20.8,0,108.4758621
59,20,15.72413793,35,40,0,89.27586207
60,20,15.72413793,50,0,16,98.27586207
61,20,15.72413793,50,20.8,0,93.47586207
0,0,0,0,0,0,0
0,0,0,0,0,0,0
0,0,0,0,0,0,0
0,0,0,0,0,0,0
0,0,0,0,0,0,0
0,0,0,0,0,0,0
0,0,0,0,0,0,0
0,0,0,0,0,0,0
0,0,0,0,0,0,0
62,20,15.72413793,50,40,0,74.27586207
63,20,16.34482759,20,0,16,127.6551724
64,20,16.34482759,20,20.8,0,122.8551724
65,20,16.34482759,20,40,0,103.6551724
66,20,16.34482759,35,0,16,112.6551724
67,20,16.34482759,35,20.8,0,107.8551724
68,20,16.34482759,35,40,0,88.65517241
69,20,16.34482759,50,0,16,97.65517241
70,20,16.34482759,50,20.8,0,92.85517241
0,0,0,0,0,0,0
0,0,0,0,0,0,0
0,0,0,0,0,0,0
0,0,0,0,0,0,0
0,0,0,0,0,0,0
0,0,0,0,0,0,0
0,0,0,0,0,0,0
0,0,0,0,0,0,0
0,0,0,0,0,0,0
71,20,16.34482759,50,40,0,73.65517241
72,20,16.96551724,20,0,16,127.0344828
73,20,16.96551724,20,20.8,0,122.2344828
74,20,16.96551724,20,40,0,103.0344828
75,20,16.96551724,35,0,16,112.0344828
76,20,16.96551724,35,20.8,0,107.2344828
77,20,16.96551724,35,40,0,88.03448276
78,20,16.96551724,50,0,16,97.03448276
79,20,16.96551724,50,20.8,0,92.23448276
0,0,0,0,0,0,0
0,0,0,0,0,0,0
0,0,0,0,0,0,0
0,0,0,0,0,0,0
0,0,0,0,0,0,0
0,0,0,0,0,0,0
0,0,0,0,0,0,0
0,0,0,0,0,0,0
0,0,0,0,0,0,0
80,20,16.96551724,50,40,0,73.03448276
81,20,17.5862069,20,0,16,126.4137931
82,20,17.5862069,20,20.8,0,121.6137931
83,20,17.5862069,20,40,0,102.4137931
84,20,17.5862069,35,0,16,111.4137931
85,20,17.5862069,35,20.8,0,106.6137931
86,20,17.5862069,35,40,0,87.4137931
87,20,17.5862069,50,0,16,96.4137931
88,20,17.5862069,50,20.8,0,91.6137931
0,0,0,0,0,0,0
0,0,0,0,0,0,0
0,0,0,0,0,0,0
0,0,0,0,0,0,0
0,0,0,0,0,0,0
0,0,0,0,0,0,0
0,0,0,0,0,0,0
0,0,0,0,0,0,0
0,0,0,0,0,0,0
89,20,17.5862069,50,40,0,72.4137931
90,20,18.20689655,20,0,16,125.7931034
91,20,18.20689655,20,20.8,0,120.9931034
92,20,18.20689655,20,40,0,101.7931034
93,20,18.20689655,35,0,16,110.7931034
94,20,18.20689655,35,20.8,0,105.9931034
95,20,18.20689655,35,40,0,86.79310345
96,20,18.20689655,50,0,16,95.79310345
97,20,18.20689655,50,20.8,0,90.99310345
0,0,0,0,0,0,0
0,0,0,0,0,0,0
0,0,0,0,0,0,0
0,0,0,0,0,0,0
0,0,0,0,0,0,0
0,0,0,0,0,0,0
0,0,0,0,0,0,0
0,0,0,0,0,0,0
0,0,0,0,0,0,0
98,20,18.20689655,50,40,0,71.79310345
99,20,18.82758621,20,0,16,125.1724138
100,20,18.82758621,20,20.8,0,120.3724138
101,20,18.82758621,20,40,0,101.1724138
102,20,18.82758621,35,0,16,110.1724138
103,20,18.82758621,35,20.8,0,105.3724138
104,20,18.82758621,35,40,0,86.17241379
105,20,18.82758621,50,0,16,95.17241379
106,20,18.82758621,50,20.8,0,90.37241379
0,0,0,0,0,0,0
0,0,0,0,0,0,0
0,0,0,0,0,0,0
0,0,0,0,0,0,0
0,0,0,0,0,0,0
0,0,0,0,0,0,0
0,0,0,0,0,0,0
0,0,0,0,0,0,0
0,0,0,0,0,0,0
107,20,18.82758621,50,40,0,71.17241379
108,20,19.44827586,20,0,16,124.5517241
109,20,19.44827586,20,20.8,0,119.7517241
110,20,19.44827586,20,40,0,100.5517241
111,20,19.44827586,35,0,16,109.5517241
112,20,19.44827586,35,20.8,0,104.7517241
113,20,19.44827586,35,40,0,85.55172414
114,20,19.44827586,50,0,16,94.55172414
115,20,19.44827586,50,20.8,0,89.75172414
0,0,0,0,0,0,0
0,0,0,0,0,0,0
0,0,0,0,0,0,0
0,0,0,0,0,0,0
0,0,0,0,0,0,0
0,0,0,0,0,0,0
0,0,0,0,0,0,0
0,0,0,0,0,0,0
0,0,0,0,0,0,0
116,20,19.44827586,50,40,0,70.55172414
117,20,20.06896552,20,0,16,123.9310345
118,20,20.06896552,20,20.8,0,119.1310345
119,20,20.06896552,20,40,0,99.93103448
120,20,20.06896552,35,0,16,108.9310345
121,20,20.06896552,35,20.8,0,104.1310345
122,20,20.06896552,35,40,0,84.93103448
123,20,20.06896552,50,0,16,93.93103448
124,20,20.06896552,50,20.8,0,89.13103448
0,0,0,0,0,0,0
0,0,0,0,0,0,0
0,0,0,0,0,0,0
0,0,0,0,0,0,0
0,0,0,0,0,0,0
0,0,0,0,0,0,0
0,0,0,0,0,0,0
0,0,0,0,0,0,0
0,0,0,0,0,0,0
125,20,20.06896552,50,40,0,69.93103448
126,20,20.68965517,20,0,16,123.3103448
127,20,20.68965517,20,20.8,0,118.5103448
128,20,20.68965517,20,40,0,99.31034483
129,20,20.68965517,35,0,16,108.3103448
130,20,20.68965517,35,20.8,0,103.5103448
131,20,20.68965517,35,40,0,84.31034483
132,20,20.68965517,50,0,16,93.31034483
133,20,20.68965517,50,20.8,0,88.51034483
0,0,0,0,0,0,0
0,0,0,0,0,0,0
0,0,0,0,0,0,0
0,0,0,0,0,0,0
0,0,0,0,0,0,0
0,0,0,0,0,0,0
0,0,0,0,0,0,0
0,0,0,0,0,0,0
0,0,0,0,0,0,0
134,20,20.68965517,50,40,0,69.31034483
135,20,21.31034483,20,0,16,122.6896552
136,20,21.31034483,20,20.8,0,117.8896552
137,20,21.31034483,20,40,0,98.68965517
138,20,21.31034483,35,0,16,107.6896552
139,20,21.31034483,35,20.8,0,102.8896552
140,20,21.31034483,35,40,0,83.68965517
141,20,21.31034483,50,0,16,92.68965517
142,20,21.31034483,50,20.8,0,87.88965517
0,0,0,0,0,0,0
0,0,0,0,0,0,0
0,0,0,0,0,0,0
0,0,0,0,0,0,0
0,0,0,0,0,0,0
0,0,0,0,0,0,0
0,0,0,0,0,0,0
0,0,0,0,0,0,0
0,0,0,0,0,0,0
143,20,21.31034483,50,40,0,68.68965517
144,20,21.93103448,20,0,16,122.0689655
145,20,21.93103448,20,20.8,0,117.2689655
146,20,21.93103448,20,40,0,98.06896552
147,20,21.93103448,35,0,16,107.0689655
148,20,21.93103448,35,20.8,0,102.2689655
149,20,21.93103448,35,40,0,83.06896552
150,20,21.93103448,50,0,16,92.06896552
151,20,21.93103448,50,20.8,0,87.26896552
0,0,0,0,0,0,0
0,0,0,0,0,0,0
0,0,0,0,0,0,0
0,0,0,0,0,0,0
0,0,0,0,0,0,0
0,0,0,0,0,0,0
0,0,0,0,0,0,0
0,0,0,0,0,0,0
0,0,0,0,0,0,0
152,20,21.93103448,50,40,0,68.06896552
153,20,22.55172414,20,0,16,121.4482759
154,20,22.55172414,20,20.8,0,116.6482759
155,20,22.55172414,20,40,0,97.44827586
156,20,22.55172414,35,0,16,106.4482759
157,20,22.55172414,35,20.8,0,101.6482759
158,20,22.55172414,35,40,0,82.44827586
159,20,22.55172414,50,0,16,91.44827586
160,20,22.55172414,50,20.8,0,86.64827586
0,0,0,0,0,0,0
0,0,0,0,0,0,0
0,0,0,0,0,0,0
0,0,0,0,0,0,0
0,0,0,0,0,0,0
0,0,0,0,0,0,0
0,0,0,0,0,0,0
0,0,0,0,0,0,0
0,0,0,0,0,0,0
161,20,22.55172414,50,40,0,67.44827586
162,20,23.17241379,20,0,16,120.8275862
163,20,23.17241379,20,20.8,0,116.0275862
164,20,23.17241379,20,40,0,96.82758621
165,20,23.17241379,35,0,16,105.8275862
166,20,23.17241379,35,20.8,0,101.0275862
167,20,23.17241379,35,40,0,81.82758621
168,20,23.17241379,50,0,16,90.82758621
169,20,23.17241379,50,20.8,0,86.02758621
0,0,0,0,0,0,0
0,0,0,0,0,0,0
0,0,0,0,0,0,0
0,0,0,0,0,0,0
0,0,0,0,0,0,0
0,0,0,0,0,0,0
0,0,0,0,0,0,0
0,0,0,0,0,0,0
0,0,0,0,0,0,0
170,20,23.17241379,50,40,0,66.82758621
171,20,23.79310345,20,0,16,120.2068966
172,20,23.79310345,20,20.8,0,115.4068966
173,20,23.79310345,20,40,0,96.20689655
174,20,23.79310345,35,0,16,105.2068966
175,20,23.79310345,35,20.8,0,100.4068966
176,20,23.79310345,35,40,0,81.20689655
177,20,23.79310345,50,0,16,90.20689655
178,20,23.79310345,50,20.8,0,85.40689655
0,0,0,0,0,0,0
0,0,0,0,0,0,0
0,0,0,0,0,0,0
0,0,0,0,0,0,0
0,0,0,0,0,0,0
0,0,0,0,0,0,0
0,0,0,0,0,0,0
0,0,0,0,0,0,0
0,0,0,0,0,0,0
179,20,23.79310345,50,40,0,66.20689655
180,20,24.4137931,20,0,16,119.5862069
181,20,24.4137931,20,20.8,0,114.7862069
182,20,24.4137931,20,40,0,95.5862069
183,20,24.4137931,35,0,16,104.5862069
184,20,24.4137931,35,20.8,0,99.7862069
185,20,24.4137931,35,40,0,80.5862069
186,20,24.4137931,50,0,16,89.5862069
187,20,24.4137931,50,20.8,0,84.7862069
0,0,0,0,0,0,0
0,0,0,0,0,0,0
0,0,0,0,0,0,0
0,0,0,0,0,0,0
0,0,0,0,0,0,0
0,0,0,0,0,0,0
0,0,0,0,0,0,0
0,0,0,0,0,0,0
0,0,0,0,0,0,0
188,20,24.4137931,50,40,0,65.5862069
189,20,25.03448276,20,0,16,118.9655172
190,20,25.03448276,20,20.8,0,114.1655172
191,20,25.03448276,20,40,0,94.96551724
192,20,25.03448276,35,0,16,103.9655172
193,20,25.03448276,35,20.8,0,99.16551724
194,20,25.03448276,35,40,0,79.96551724
195,20,25.03448276,50,0,16,88.96551724
196,20,25.03448276,50,20.8,0,84.16551724
0,0,0,0,0,0,0
0,0,0,0,0,0,0
0,0,0,0,0,0,0
0,0,0,0,0,0,0
0,0,0,0,0,0,0
0,0,0,0,0,0,0
0,0,0,0,0,0,0
0,0,0,0,0,0,0
0,0,0,0,0,0,0
197,20,25.03448276,50,40,0,64.96551724
198,20,25.65517241,20,0,16,118.3448276
199,20,25.65517241,20,20.8,0,113.5448276
200,20,25.65517241,20,40,0,94.34482759
201,20,25.65517241,35,0,16,103.3448276
202,20,25.65517241,35,20.8,0,98.54482759
203,20,25.65517241,35,40,0,79.34482759
204,20,25.65517241,50,0,16,88.34482759
205,20,25.65517241,50,20.8,0,83.54482759
0,0,0,0,0,0,0
0,0,0,0,0,0,0
0,0,0,0,0,0,0
0,0,0,0,0,0,0
0,0,0,0,0,0,0
0,0,0,0,0,0,0
0,0,0,0,0,0,0
0,0,0,0,0,0,0
0,0,0,0,0,0,0
206,20,25.65517241,50,40,0,64.34482759
207,20,26.27586207,20,0,16,117.7241379
208,20,26.27586207,20,20.8,0,112.9241379
209,20,26.27586207,20,40,0,93.72413793
210,20,26.27586207,35,0,16,102.7241379
211,20,26.27586207,35,20.8,0,97.92413793
212,20,26.27586207,35,40,0,78.72413793
213,20,26.27586207,50,0,16,87.72413793
214,20,26.27586207,50,20.8,0,82.92413793
0,0,0,0,0,0,0
0,0,0,0,0,0,0
0,0,0,0,0,0,0
0,0,0,0,0,0,0
0,0,0,0,0,0,0
0,0,0,0,0,0,0
0,0,0,0,0,0,0
0,0,0,0,0,0,0
0,0,0,0,0,0,0
215,20,26.27586207,50,40,0,63.72413793
216,20,26.89655172,20,0,16,117.1034483
217,20,26.89655172,20,20.8,0,112.3034483
218,20,26.89655172,20,40,0,93.10344828
219,20,26.89655172,35,0,16,102.1034483
220,20,26.89655172,35,20.8,0,97.30344828
221,20,26.89655172,35,40,0,78.10344828
222,20,26.89655172,50,0,16,87.10344828
223,20,26.89655172,50,20.8,0,82.30344828
0,0,0,0,0,0,0
0,0,0,0,0,0,0
0,0,0,0,0,0,0
0,0,0,0,0,0,0
0,0,0,0,0,0,0
0,0,0,0,0,0,0
0,0,0,0,0,0,0
0,0,0,0,0,0,0
0,0,0,0,0,0,0
224,20,26.89655172,50,40,0,63.10344828
225,20,27.51724138,20,0,16,116.4827586
226,20,27.51724138,20,20.8,0,111.6827586
227,20,27.51724138,20,40,0,92.48275862
228,20,27.51724138,35,0,16,101.4827586
229,20,27.51724138,35,20.8,0,96.68275862
230,20,27.51724138,35,40,0,77.48275862
231,20,27.51724138,50,0,16,86.48275862
232,20,27.51724138,50,20.8,0,81.68275862
0,0,0,0,0,0,0
0,0,0,0,0,0,0
0,0,0,0,0,0,0
0,0,0,0,0,0,0
0,0,0,0,0,0,0
0,0,0,0,0,0,0
0,0,0,0,0,0,0
0,0,0,0,0,0,0
0,0,0,0,0,0,0
233,20,27.51724138,50,40,0,62.48275862
234,20,28.13793103,20,0,16,115.862069
235,20,28.13793103,20,20.8,0,111.062069
236,20,28.13793103,20,40,0,91.86206897
237,20,28.13793103,35,0,16,100.862069
238,20,28.13793103,35,20.8,0,96.06206897
239,20,28.13793103,35,40,0,76.86206897
240,20,28.13793103,50,0,16,85.86206897
241,20,28.13793103,50,20.8,0,81.06206897
0,0,0,0,0,0,0
0,0,0,0,0,0,0
0,0,0,0,0,0,0
0,0,0,0,0,0,0
0,0,0,0,0,0,0
0,0,0,0,0,0,0
0,0,0,0,0,0,0
0,0,0,0,0,0,0
0,0,0,0,0,0,0
242,20,28.13793103,50,40,0,61.86206897
243,20,28.75862069,20,0,16,115.2413793
244,20,28.75862069,20,20.8,0,110.4413793
245,20,28.75862069,20,40,0,91.24137931
246,20,28.75862069,35,0,16,100.2413793
247,20,28.75862069,35,20.8,0,95.44137931
248,20,28.75862069,35,40,0,76.24137931
249,20,28.75862069,50,0,16,85.24137931
250,20,28.75862069,50,20.8,0,80.44137931
0,0,0,0,0,0,0
0,0,0,0,0,0,0
0,0,0,0,0,0,0
0,0,0,0,0,0,0
0,0,0,0,0,0,0
0,0,0,0,0,0,0
0,0,0,0,0,0,0
0,0,0,0,0,0,0
0,0,0,0,0,0,0
251,20,28.75862069,50,40,0,61.24137931
252,20,29.37931034,20,0,16,114.6206897
253,20,29.37931034,20,20.8,0,109.8206897
254,20,29.37931034,20,40,0,90.62068966
255,20,29.37931034,35,0,16,99.62068966
256,20,29.37931034,35,20.8,0,94.82068966
257,20,29.37931034,35,40,0,75.62068966
258,20,29.37931034,50,0,16,84.62068966
259,20,29.37931034,50,20.8,0,79.82068966
0,0,0,0,0,0,0
0,0,0,0,0,0,0
0,0,0,0,0,0,0
0,0,0,0,0,0,0
0,0,0,0,0,0,0
0,0,0,0,0,0,0
0,0,0,0,0,0,0
0,0,0,0,0,0,0
0,0,0,0,0,0,0
260,20,29.37931034,50,40,0,60.62068966
261,20,30,20,0,16,114
262,20,30,20,20.8,0,109.2
263,20,30,20,40,0,90
264,20,30,35,0,16,99
265,20,30,35,20.8,0,94.2
266,20,30,35,40,0,75
267,20,30,50,0,16,84
268,20,30,50,20.8,0,79.2
0,0,0,0,0,0,0
0,0,0,0,0,0,0
0,0,0,0,0,0,0
0,0,0,0,0,0,0
0,0,0,0,0,0,0
0,0,0,0,0,0,0
0,0,0,0,0,0,0
0,0,0,0,0,0,0
0,0,0,0,0,0,0
269,20,30,50,40,0,60
270,35,12,20,0,16,117
271,35,12,20,20.8,0,112.2
272,35,12,20,40,0,93
273,35,12,35,0,16,102
274,35,12,35,20.8,0,97.2
275,35,12,35,40,0,78
276,35,12,50,0,16,87
277,35,12,50,20.8,0,82.2
0,0,0,0,0,0,0
0,0,0,0,0,0,0
0,0,0,0,0,0,0
0,0,0,0,0,0,0
0,0,0,0,0,0,0
0,0,0,0,0,0,0
0,0,0,0,0,0,0
0,0,0,0,0,0,0
0,0,0,0,0,0,0
278,35,12,50,40,0,63
279,35,12.62068966,20,0,16,116.3793103
280,35,12.62068966,20,20.8,0,111.5793103
281,35,12.62068966,20,40,0,92.37931034
282,35,12.62068966,35,0,16,101.3793103
283,35,12.62068966,35,20.8,0,96.57931034
284,35,12.62068966,35,40,0,77.37931034
285,35,12.62068966,50,0,16,86.37931034
286,35,12.62068966,50,20.8,0,81.57931034
0,0,0,0,0,0,0
0,0,0,0,0,0,0
0,0,0,0,0,0,0
0,0,0,0,0,0,0
0,0,0,0,0,0,0
0,0,0,0,0,0,0
0,0,0,0,0,0,0
0,0,0,0,0,0,0
0,0,0,0,0,0,0
287,35,12.62068966,50,40,0,62.37931034
288,35,13.24137931,20,0,16,115.7586207
289,35,13.24137931,20,20.8,0,110.9586207
290,35,13.24137931,20,40,0,91.75862069
291,35,13.24137931,35,0,16,100.7586207
292,35,13.24137931,35,20.8,0,95.95862069
293,35,13.24137931,35,40,0,76.75862069
294,35,13.24137931,50,0,16,85.75862069
295,35,13.24137931,50,20.8,0,80.95862069
0,0,0,0,0,0,0
0,0,0,0,0,0,0
0,0,0,0,0,0,0
0,0,0,0,0,0,0
0,0,0,0,0,0,0
0,0,0,0,0,0,0
0,0,0,0,0,0,0
0,0,0,0,0,0,0
0,0,0,0,0,0,0
296,35,13.24137931,50,40,0,61.75862069
297,35,13.86206897,20,0,16,115.137931
298,35,13.86206897,20,20.8,0,110.337931
299,35,13.86206897,20,40,0,91.13793103
300,35,13.86206897,35,0,16,100.137931
301,35,13.86206897,35,20.8,0,95.33793103
302,35,13.86206897,35,40,0,76.13793103
303,35,13.86206897,50,0,16,85.13793103
304,35,13.86206897,50,20.8,0,80.33793103
0,0,0,0,0,0,0
0,0,0,0,0,0,0
0,0,0,0,0,0,0
0,0,0,0,0,0,0
0,0,0,0,0,0,0
0,0,0,0,0,0,0
0,0,0,0,0,0,0
0,0,0,0,0,0,0
0,0,0,0,0,0,0
305,35,13.86206897,50,40,0,61.13793103
306,35,14.48275862,20,0,16,114.5172414
307,35,14.48275862,20,20.8,0,109.7172414
308,35,14.48275862,20,40,0,90.51724138
309,35,14.48275862,35,0,16,99.51724138
310,35,14.48275862,35,20.8,0,94.71724138
311,35,14.48275862,35,40,0,75.51724138
312,35,14.48275862,50,0,16,84.51724138
313,35,14.48275862,50,20.8,0,79.71724138
0,0,0,0,0,0,0
0,0,0,0,0,0,0
0,0,0,0,0,0,0
0,0,0,0,0,0,0
0,0,0,0,0,0,0
0,0,0,0,0,0,0
0,0,0,0,0,0,0
0,0,0,0,0,0,0
0,0,0,0,0,0,0
314,35,14.48275862,50,40,0,60.51724138
315,35,15.10344828,20,0,16,113.8965517
316,35,15.10344828,20,20.8,0,109.0965517
317,35,15.10344828,20,40,0,89.89655172
318,35,15.10344828,35,0,16,98.89655172
319,35,15.10344828,35,20.8,0,94.09655172
320,35,15.10344828,35,40,0,74.89655172
321,35,15.10344828,50,0,16,83.89655172
322,35,15.10344828,50,20.8,0,79.09655172
0,0,0,0,0,0,0
0,0,0,0,0,0,0
0,0,0,0,0,0,0
0,0,0,0,0,0,0
0,0,0,0,0,0,0
0,0,0,0,0,0,0
0,0,0,0,0,0,0
0,0,0,0,0,0,0
0,0,0,0,0,0,0
323,35,15.10344828,50,40,0,59.89655172
324,35,15.72413793,20,0,16,113.2758621
325,35,15.72413793,20,20.8,0,108.4758621
326,35,15.72413793,20,40,0,89.27586207
327,35,15.72413793,35,0,16,98.27586207
328,35,15.72413793,35,20.8,0,93.47586207
329,35,15.72413793,35,40,0,74.27586207
330,35,15.72413793,50,0,16,83.27586207
331,35,15.72413793,50,20.8,0,78.47586207
0,0,0,0,0,0,0
0,0,0,0,0,0,0
0,0,0,0,0,0,0
0,0,0,0,0,0,0
0,0,0,0,0,0,0
0,0,0,0,0,0,0
0,0,0,0,0,0,0
0,0,0,0,0,0,0
0,0,0,0,0,0,0
332,35,15.72413793,50,40,0,59.27586207
333,35,16.34482759,20,0,16,112.6551724
334,35,16.34482759,20,20.8,0,107.8551724
335,35,16.34482759,20,40,0,88.65517241
336,35,16.34482759,35,0,16,97.65517241
337,35,16.34482759,35,20.8,0,92.85517241
338,35,16.34482759,35,40,0,73.65517241
339,35,16.34482759,50,0,16,82.65517241
340,35,16.34482759,50,20.8,0,77.85517241
0,0,0,0,0,0,0
0,0,0,0,0,0,0
0,0,0,0,0,0,0
0,0,0,0,0,0,0
0,0,0,0,0,0,0
0,0,0,0,0,0,0
0,0,0,0,0,0,0
0,0,0,0,0,0,0
0,0,0,0,0,0,0
341,35,16.34482759,50,40,0,58.65517241
342,35,16.96551724,20,0,16,112.0344828
343,35,16.96551724,20,20.8,0,107.2344828
344,35,16.96551724,20,40,0,88.03448276
345,35,16.96551724,35,0,16,97.03448276
346,35,16.96551724,35,20.8,0,92.23448276
347,35,16.96551724,35,40,0,73.03448276
348,35,16.96551724,50,0,16,82.03448276
349,35,16.96551724,50,20.8,0,77.23448276
0,0,0,0,0,0,0
0,0,0,0,0,0,0
0,0,0,0,0,0,0
0,0,0,0,0,0,0
0,0,0,0,0,0,0
0,0,0,0,0,0,0
0,0,0,0,0,0,0
0,0,0,0,0,0,0
0,0,0,0,0,0,0
350,35,16.96551724,50,40,0,58.03448276
351,35,17.5862069,20,0,16,111.4137931
352,35,17.5862069,20,20.8,0,106.6137931
353,35,17.5862069,20,40,0,87.4137931
354,35,17.5862069,35,0,16,96.4137931
355,35,17.5862069,35,20.8,0,91.6137931
356,35,17.5862069,35,40,0,72.4137931
357,35,17.5862069,50,0,16,81.4137931
358,35,17.5862069,50,20.8,0,76.6137931
0,0,0,0,0,0,0
0,0,0,0,0,0,0
0,0,0,0,0,0,0
0,0,0,0,0,0,0
0,0,0,0,0,0,0
0,0,0,0,0,0,0
0,0,0,0,0,0,0
0,0,0,0,0,0,0
0,0,0,0,0,0,0
359,35,17.5862069,50,40,0,57.4137931
360,35,18.20689655,20,0,16,110.7931034
361,35,18.20689655,20,20.8,0,105.9931034
362,35,18.20689655,20,40,0,86.79310345
363,35,18.20689655,35,0,16,95.79310345
364,35,18.20689655,35,20.8,0,90.99310345
365,35,18.20689655,35,40,0,71.79310345
366,35,18.20689655,50,0,16,80.79310345
367,35,18.20689655,50,20.8,0,75.99310345
0,0,0,0,0,0,0
0,0,0,0,0,0,0
0,0,0,0,0,0,0
0,0,0,0,0,0,0
0,0,0,0,0,0,0
0,0,0,0,0,0,0
0,0,0,0,0,0,0
0,0,0,0,0,0,0
0,0,0,0,0,0,0
368,35,18.20689655,50,40,0,56.79310345
369,35,18.82758621,20,0,16,110.1724138
370,35,18.82758621,20,20.8,0,105.3724138
371,35,18.82758621,20,40,0,86.17241379
372,35,18.82758621,35,0,16,95.17241379
373,35,18.82758621,35,20.8,0,90.37241379
374,35,18.82758621,35,40,0,71.17241379
375,35,18.82758621,50,0,16,80.17241379
376,35,18.82758621,50,20.8,0,75.37241379
0,0,0,0,0,0,0
0,0,0,0,0,0,0
0,0,0,0,0,0,0
0,0,0,0,0,0,0
0,0,0,0,0,0,0
0,0,0,0,0,0,0
0,0,0,0,0,0,0
0,0,0,0,0,0,0
0,0,0,0,0,0,0
377,35,18.82758621,50,40,0,56.17241379
378,35,19.44827586,20,0,16,109.5517241
379,35,19.44827586,20,20.8,0,104.7517241
380,35,19.44827586,20,40,0,85.55172414
381,35,19.44827586,35,0,16,94.55172414
382,35,19.44827586,35,20.8,0,89.75172414
383,35,19.44827586,35,40,0,70.55172414
384,35,19.44827586,50,0,16,79.55172414
385,35,19.44827586,50,20.8,0,74.75172414
0,0,0,0,0,0,0
0,0,0,0,0,0,0
0,0,0,0,0,0,0
0,0,0,0,0,0,0
0,0,0,0,0,0,0
0,0,0,0,0,0,0
0,0,0,0,0,0,0
0,0,0,0,0,0,0
0,0,0,0,0,0,0
386,35,19.44827586,50,40,0,55.55172414
387,35,20.06896552,20,0,16,108.9310345
388,35,20.06896552,20,20.8,0,104.1310345
389,35,20.06896552,20,40,0,84.93103448
390,35,20.06896552,35,0,16,93.93103448
391,35,20.06896552,35,20.8,0,89.13103448
392,35,20.06896552,35,40,0,69.93103448
393,35,20.06896552,50,0,16,78.93103448
394,35,20.06896552,50,20.8,0,74.13103448
0,0,0,0,0,0,0
0,0,0,0,0,0,0
0,0,0,0,0,0,0
0,0,0,0,0,0,0
0,0,0,0,0,0,0
0,0,0,0,0,0,0
0,0,0,0,0,0,0
0,0,0,0,0,0,0
0,0,0,0,0,0,0
395,35,20.06896552,50,40,0,54.93103448
396,35,20.68965517,20,0,16,108.3103448
397,35,20.68965517,20,20.8,0,103.5103448
398,35,20.68965517,20,40,0,84.31034483
399,35,20.68965517,35,0,16,93.31034483
400,35,20.68965517,35,20.8,0,88.51034483
401,35,20.68965517,35,40,0,69.31034483
402,35,20.68965517,50,0,16,78.31034483
403,35,20.68965517,50,20.8,0,73.51034483
0,0,0,0,0,0,0
0,0,0,0,0,0,0
0,0,0,0,0,0,0
0,0,0,0,0,0,0
0,0,0,0,0,0,0
0,0,0,0,0,0,0
0,0,0,0,0,0,0
0,0,0,0,0,0,0
0,0,0,0,0,0,0
404,35,20.68965517,50,40,0,54.31034483
405,35,21.31034483,20,0,16,107.6896552
406,35,21.31034483,20,20.8,0,102.8896552
407,35,21.31034483,20,40,0,83.68965517
408,35,21.31034483,35,0,16,92.68965517
409,35,21.31034483,35,20.8,0,87.88965517
410,35,21.31034483,35,40,0,68.68965517
411,35,21.31034483,50,0,16,77.68965517
412,35,21.31034483,50,20.8,0,72.88965517
0,0,0,0,0,0,0
0,0,0,0,0,0,0
0,0,0,0,0,0,0
0,0,0,0,0,0,0
0,0,0,0,0,0,0
0,0,0,0,0,0,0
0,0,0,0,0,0,0
0,0,0,0,0,0,0
0,0,0,0,0,0,0
413,35,21.31034483,50,40,0,53.68965517
414,35,21.93103448,20,0,16,107.0689655
415,35,21.93103448,20,20.8,0,102.2689655
416,35,21.93103448,20,40,0,83.06896552
417,35,21.93103448,35,0,16,92.06896552
418,35,21.93103448,35,20.8,0,87.26896552
419,35,21.93103448,35,40,0,68.06896552
420,35,21.93103448,50,0,16,77.06896552
421,35,21.93103448,50,20.8,0,72.26896552
0,0,0,0,0,0,0
0,0,0,0,0,0,0
0,0,0,0,0,0,0
0,0,0,0,0,0,0
0,0,0,0,0,0,0
0,0,0,0,0,0,0
0,0,0,0,0,0,0
0,0,0,0,0,0,0
0,0,0,0,0,0,0
422,35,21.93103448,50,40,0,53.06896552
423,35,22.55172414,20,0,16,106.4482759
424,35,22.55172414,20,20.8,0,101.6482759
425,35,22.55172414,20,40,0,82.44827586
426,35,22.55172414,35,0,16,91.44827586
427,35,22.55172414,35,20.8,0,86.64827586
428,35,22.55172414,35,40,0,67.44827586
429,35,22.55172414,50,0,16,76.44827586
430,35,22.55172414,50,20.8,0,71.64827586
0,0,0,0,0,0,0
0,0,0,0,0,0,0
0,0,0,0,0,0,0
0,0,0,0,0,0,0
0,0,0,0,0,0,0
0,0,0,0,0,0,0
0,0,0,0,0,0,0
0,0,0,0,0,0,0
0,0,0,0,0,0,0
431,35,22.55172414,50,40,0,52.44827586
432,35,23.17241379,20,0,16,105.8275862
433,35,23.17241379,20,20.8,0,101.0275862
434,35,23.17241379,20,40,0,81.82758621
435,35,23.17241379,35,0,16,90.82758621
436,35,23.17241379,35,20.8,0,86.02758621
437,35,23.17241379,35,40,0,66.82758621
438,35,23.17241379,50,0,16,75.82758621
439,35,23.17241379,50,20.8,0,71.02758621
0,0,0,0,0,0,0
0,0,0,0,0,0,0
0,0,0,0,0,0,0
0,0,0,0,0,0,0
0,0,0,0,0,0,0
0,0,0,0,0,0,0
0,0,0,0,0,0,0
0,0,0,0,0,0,0
0,0,0,0,0,0,0
440,35,23.17241379,50,40,0,51.82758621
441,35,23.79310345,20,0,16,105.2068966
442,35,23.79310345,20,20.8,0,100.4068966
443,35,23.79310345,20,40,0,81.20689655
444,35,23.79310345,35,0,16,90.20689655
445,35,23.79310345,35,20.8,0,85.40689655
446,35,23.79310345,35,40,0,66.20689655
447,35,23.79310345,50,0,16,75.20689655
448,35,23.79310345,50,20.8,0,70.40689655
0,0,0,0,0,0,0
0,0,0,0,0,0,0
0,0,0,0,0,0,0
0,0,0,0,0,0,0
0,0,0,0,0,0,0
0,0,0,0,0,0,0
0,0,0,0,0,0,0
0,0,0,0,0,0,0
0,0,0,0,0,0,0
449,35,23.79310345,50,40,0,51.20689655
450,35,24.4137931,20,0,16,104.5862069
451,35,24.4137931,20,20.8,0,99.7862069
452,35,24.4137931,20,40,0,80.5862069
453,35,24.4137931,35,0,16,89.5862069
454,35,24.4137931,35,20.8,0,84.7862069
455,35,24.4137931,35,40,0,65.5862069
456,35,24.4137931,50,0,16,74.5862069
457,35,24.4137931,50,20.8,0,69.7862069
0,0,0,0,0,0,0
0,0,0,0,0,0,0
0,0,0,0,0,0,0
0,0,0,0,0,0,0
0,0,0,0,0,0,0
0,0,0,0,0,0,0
0,0,0,0,0,0,0
0,0,0,0,0,0,0
0,0,0,0,0,0,0
458,35,24.4137931,50,40,0,50.5862069
459,35,25.03448276,20,0,16,103.9655172
460,35,25.03448276,20,20.8,0,99.16551724
461,35,25.03448276,20,40,0,79.96551724
462,35,25.03448276,35,0,16,88.96551724
463,35,25.03448276,35,20.8,0,84.16551724
464,35,25.03448276,35,40,0,64.96551724
465,35,25.03448276,50,0,16,73.96551724
466,35,25.03448276,50,20.8,0,69.16551724
0,0,0,0,0,0,0
0,0,0,0,0,0,0
0,0,0,0,0,0,0
0,0,0,0,0,0,0
0,0,0,0,0,0,0
0,0,0,0,0,0,0
0,0,0,0,0,0,0
0,0,0,0,0,0,0
0,0,0,0,0,0,0
467,35,25.03448276,50,40,0,49.96551724
468,35,25.65517241,20,0,16,103.3448276
469,35,25.65517241,20,20.8,0,98.54482759
470,35,25.65517241,20,40,0,79.34482759
471,35,25.65517241,35,0,16,88.34482759
472,35,25.65517241,35,20.8,0,83.54482759
473,35,25.65517241,35,40,0,64.34482759
474,35,25.65517241,50,0,16,73.34482759
475,35,25.65517241,50,20.8,0,68.54482759
0,0,0,0,0,0,0
0,0,0,0,0,0,0
0,0,0,0,0,0,0
0,0,0,0,0,0,0
0,0,0,0,0,0,0
0,0,0,0,0,0,0
0,0,0,0,0,0,0
0,0,0,0,0,0,0
0,0,0,0,0,0,0
476,35,25.65517241,50,40,0,49.34482759
477,35,26.27586207,20,0,16,102.7241379
478,35,26.27586207,20,20.8,0,97.92413793
479,35,26.27586207,20,40,0,78.72413793
480,35,26.27586207,35,0,16,87.72413793
481,35,26.27586207,35,20.8,0,82.92413793
482,35,26.27586207,35,40,0,63.72413793
483,35,26.27586207,50,0,16,72.72413793
484,35,26.27586207,50,20.8,0,67.92413793
0,0,0,0,0,0,0
0,0,0,0,0,0,0
0,0,0,0,0,0,0
0,0,0,0,0,0,0
0,0,0,0,0,0,0
0,0,0,0,0,0,0
0,0,0,0,0,0,0
0,0,0,0,0,0,0
0,0,0,0,0,0,0
485,35,26.27586207,50,40,0,48.72413793
486,35,26.89655172,20,0,16,102.1034483
487,35,26.89655172,20,20.8,0,97.30344828
488,35,26.89655172,20,40,0,78.10344828
489,35,26.89655172,35,0,16,87.10344828
490,35,26.89655172,35,20.8,0,82.30344828
491,35,26.89655172,35,40,0,63.10344828
492,35,26.89655172,50,0,16,72.10344828
493,35,26.89655172,50,20.8,0,67.30344828
0,0,0,0,0,0,0
0,0,0,0,0,0,0
0,0,0,0,0,0,0
0,0,0,0,0,0,0
0,0,0,0,0,0,0
0,0,0,0,0,0,0
0,0,0,0,0,0,0
0,0,0,0,0,0,0
0,0,0,0,0,0,0
494,35,26.89655172,50,40,0,48.10344828
495,35,27.51724138,20,0,16,101.4827586
496,35,27.51724138,20,20.8,0,96.68275862
497,35,27.51724138,20,40,0,77.48275862
498,35,27.51724138,35,0,16,86.48275862
499,35,27.51724138,35,20.8,0,81.68275862
500,35,27.51724138,35,40,0,62.48275862
501,35,27.51724138,50,0,16,71.48275862
502,35,27.51724138,50,20.8,0,66.68275862
0,0,0,0,0,0,0
0,0,0,0,0,0,0
0,0,0,0,0,0,0
0,0,0,0,0,0,0
0,0,0,0,0,0,0
0,0,0,0,0,0,0
0,0,0,0,0,0,0
0,0,0,0,0,0,0
0,0,0,0,0,0,0
503,35,27.51724138,50,40,0,47.48275862
504,35,28.13793103,20,0,16,100.862069
505,35,28.13793103,20,20.8,0,96.06206897
506,35,28.13793103,20,40,0,76.86206897
507,35,28.13793103,35,0,16,85.86206897
508,35,28.13793103,35,20.8,0,81.06206897
509,35,28.13793103,35,40,0,61.86206897
510,35,28.13793103,50,0,16,70.86206897
511,35,28.13793103,50,20.8,0,66.06206897
0,0,0,0,0,0,0
0,0,0,0,0,0,0
0,0,0,0,0,0,0
0,0,0,0,0,0,0
0,0,0,0,0,0,0
0,0,0,0,0,0,0
0,0,0,0,0,0,0
0,0,0,0,0,0,0
0,0,0,0,0,0,0
512,35,28.13793103,50,40,0,46.86206897
513,35,28.75862069,20,0,16,100.2413793
514,35,28.75862069,20,20.8,0,95.44137931
515,35,28.75862069,20,40,0,76.24137931
516,35,28.75862069,35,0,16,85.24137931
517,35,28.75862069,35,20.8,0,80.44137931
518,35,28.75862069,35,40,0,61.24137931
519,35,28.75862069,50,0,16,70.24137931
520,35,28.75862069,50,20.8,0,65.44137931
0,0,0,0,0,0,0
0,0,0,0,0,0,0
0,0,0,0,0,0,0
0,0,0,0,0,0,0
0,0,0,0,0,0,0
0,0,0,0,0,0,0
0,0,0,0,0,0,0
0,0,0,0,0,0,0
0,0,0,0,0,0,0
521,35,28.75862069,50,40,0,46.24137931
522,35,29.37931034,20,0,16,99.62068966
523,35,29.37931034,20,20.8,0,94.82068966
524,35,29.37931034,20,40,0,75.62068966
525,35,29.37931034,35,0,16,84.62068966
526,35,29.37931034,35,20.8,0,79.82068966
527,35,29.37931034,35,40,0,60.62068966
528,35,29.37931034,50,0,16,69.62068966
529,35,29.37931034,50,20.8,0,64.82068966
0,0,0,0,0,0,0
0,0,0,0,0,0,0
0,0,0,0,0,0,0
0,0,0,0,0,0,0
0,0,0,0,0,0,0
0,0,0,0,0,0,0
0,0,0,0,0,0,0
0,0,0,0,0,0,0
0,0,0,0,0,0,0
530,35,29.37931034,50,40,0,45.62068966
531,35,30,20,0,16,99
532,35,30,20,20.8,0,94.2
533,35,30,20,40,0,75
534,35,30,35,0,16,84
535,35,30,35,20.8,0,79.2
536,35,30,35,40,0,60
537,35,30,50,0,16,69
538,35,30,50,20.8,0,64.2
0,0,0,0,0,0,0
0,0,0,0,0,0,0
0,0,0,0,0,0,0
0,0,0,0,0,0,0
0,0,0,0,0,0,0
0,0,0,0,0,0,0
0,0,0,0,0,0,0
0,0,0,0,0,0,0
0,0,0,0,0,0,0
539,35,30,50,40,0,45
540,50,12,20,0,16,102
541,50,12,20,20.8,0,97.2
542,50,12,20,40,0,78
543,50,12,35,0,16,87
544,50,12,35,20.8,0,82.2
545,50,12,35,40,0,63
546,50,12,50,0,16,72
547,50,12,50,20.8,0,67.2
0,0,0,0,0,0,0
0,0,0,0,0,0,0
0,0,0,0,0,0,0
0,0,0,0,0,0,0
0,0,0,0,0,0,0
0,0,0,0,0,0,0
0,0,0,0,0,0,0
0,0,0,0,0,0,0
0,0,0,0,0,0,0
548,50,12,50,40,0,48
549,50,12.62068966,20,0,16,101.3793103
550,50,12.62068966,20,20.8,0,96.57931034
551,50,12.62068966,20,40,0,77.37931034
552,50,12.62068966,35,0,16,86.37931034
553,50,12.62068966,35,20.8,0,81.57931034
554,50,12.62068966,35,40,0,62.37931034
555,50,12.62068966,50,0,16,71.37931034
556,50,12.62068966,50,20.8,0,66.57931034
0,0,0,0,0,0,0
0,0,0,0,0,0,0
0,0,0,0,0,0,0
0,0,0,0,0,0,0
0,0,0,0,0,0,0
0,0,0,0,0,0,0
0,0,0,0,0,0,0
0,0,0,0,0,0,0
0,0,0,0,0,0,0
557,50,12.62068966,50,40,0,47.37931034
558,50,13.24137931,20,0,16,100.7586207
559,50,13.24137931,20,20.8,0,95.95862069
560,50,13.24137931,20,40,0,76.75862069
561,50,13.24137931,35,0,16,85.75862069
562,50,13.24137931,35,20.8,0,80.95862069
563,50,13.24137931,35,40,0,61.75862069
564,50,13.24137931,50,0,16,70.75862069
565,50,13.24137931,50,20.8,0,65.95862069
0,0,0,0,0,0,0
0,0,0,0,0,0,0
0,0,0,0,0,0,0
0,0,0,0,0,0,0
0,0,0,0,0,0,0
0,0,0,0,0,0,0
0,0,0,0,0,0,0
0,0,0,0,0,0,0
0,0,0,0,0,0,0
566,50,13.24137931,50,40,0,46.75862069
567,50,13.86206897,20,0,16,100.137931
568,50,13.86206897,20,20.8,0,95.33793103
569,50,13.86206897,20,40,0,76.13793103
570,50,13.86206897,35,0,16,85.13793103
571,50,13.86206897,35,20.8,0,80.33793103
572,50,13.86206897,35,40,0,61.13793103
573,50,13.86206897,50,0,16,70.13793103
574,50,13.86206897,50,20.8,0,65.33793103
0,0,0,0,0,0,0
0,0,0,0,0,0,0
0,0,0,0,0,0,0
0,0,0,0,0,0,0
0,0,0,0,0,0,0
0,0,0,0,0,0,0
0,0,0,0,0,0,0
0,0,0,0,0,0,0
0,0,0,0,0,0,0
575,50,13.86206897,50,40,0,46.13793103
576,50,14.48275862,20,0,16,99.51724138
577,50,14.48275862,20,20.8,0,94.71724138
578,50,14.48275862,20,40,0,75.51724138
579,50,14.48275862,35,0,16,84.51724138
580,50,14.48275862,35,20.8,0,79.71724138
581,50,14.48275862,35,40,0,60.51724138
582,50,14.48275862,50,0,16,69.51724138
583,50,14.48275862,50,20.8,0,64.71724138
0,0,0,0,0,0,0
0,0,0,0,0,0,0
0,0,0,0,0,0,0
0,0,0,0,0,0,0
0,0,0,0,0,0,0
0,0,0,0,0,0,0
0,0,0,0,0,0,0
0,0,0,0,0,0,0
0,0,0,0,0,0,0
584,50,14.48275862,50,40,0,45.51724138
585,50,15.10344828,20,0,16,98.89655172
586,50,15.10344828,20,20.8,0,94.09655172
587,50,15.10344828,20,40,0,74.89655172
588,50,15.10344828,35,0,16,83.89655172
589,50,15.10344828,35,20.8,0,79.09655172
590,50,15.10344828,35,40,0,59.89655172
591,50,15.10344828,50,0,16,68.89655172
592,50,15.10344828,50,20.8,0,64.09655172
0,0,0,0,0,0,0
0,0,0,0,0,0,0
0,0,0,0,0,0,0
0,0,0,0,0,0,0
0,0,0,0,0,0,0
0,0,0,0,0,0,0
0,0,0,0,0,0,0
0,0,0,0,0,0,0
0,0,0,0,0,0,0
593,50,15.10344828,50,40,0,44.89655172
594,50,15.72413793,20,0,16,98.27586207
595,50,15.72413793,20,20.8,0,93.47586207
596,50,15.72413793,20,40,0,74.27586207
597,50,15.72413793,35,0,16,83.27586207
598,50,15.72413793,35,20.8,0,78.47586207
599,50,15.72413793,35,40,0,59.27586207
600,50,15.72413793,50,0,16,68.27586207
601,50,15.72413793,50,20.8,0,63.47586207
0,0,0,0,0,0,0
0,0,0,0,0,0,0
0,0,0,0,0,0,0
0,0,0,0,0,0,0
0,0,0,0,0,0,0
0,0,0,0,0,0,0
0,0,0,0,0,0,0
0,0,0,0,0,0,0
0,0,0,0,0,0,0
602,50,15.72413793,50,40,0,44.27586207
603,50,16.34482759,20,0,16,97.65517241
604,50,16.34482759,20,20.8,0,92.85517241
605,50,16.34482759,20,40,0,73.65517241
606,50,16.34482759,35,0,16,82.65517241
607,50,16.34482759,35,20.8,0,77.85517241
608,50,16.34482759,35,40,0,58.65517241
609,50,16.34482759,50,0,16,67.65517241
610,50,16.34482759,50,20.8,0,62.85517241
0,0,0,0,0,0,0
0,0,0,0,0,0,0
0,0,0,0,0,0,0
0,0,0,0,0,0,0
0,0,0,0,0,0,0
0,0,0,0,0,0,0
0,0,0,0,0,0,0
0,0,0,0,0,0,0
0,0,0,0,0,0,0
611,50,16.34482759,50,40,0,43.65517241
612,50,16.96551724,20,0,16,97.03448276
613,50,16.96551724,20,20.8,0,92.23448276
614,50,16.96551724,20,40,0,73.03448276
615,50,16.96551724,35,0,16,82.03448276
616,50,16.96551724,35,20.8,0,77.23448276
617,50,16.96551724,35,40,0,58.03448276
618,50,16.96551724,50,0,16,67.03448276
619,50,16.96551724,50,20.8,0,62.23448276
0,0,0,0,0,0,0
0,0,0,0,0,0,0
0,0,0,0,0,0,0
0,0,0,0,0,0,0
0,0,0,0,0,0,0
0,0,0,0,0,0,0
0,0,0,0,0,0,0
0,0,0,0,0,0,0
0,0,0,0,0,0,0
620,50,16.96551724,50,40,0,43.03448276
621,50,17.5862069,20,0,16,96.4137931
622,50,17.5862069,20,20.8,0,91.6137931
623,50,17.5862069,20,40,0,72.4137931
624,50,17.5862069,35,0,16,81.4137931
625,50,17.5862069,35,20.8,0,76.6137931
626,50,17.5862069,35,40,0,57.4137931
627,50,17.5862069,50,0,16,66.4137931
628,50,17.5862069,50,20.8,0,61.6137931
0,0,0,0,0,0,0
0,0,0,0,0,0,0
0,0,0,0,0,0,0
0,0,0,0,0,0,0
0,0,0,0,0,0,0
0,0,0,0,0,0,0
0,0,0,0,0,0,0
0,0,0,0,0,0,0
0,0,0,0,0,0,0
629,50,17.5862069,50,40,0,42.4137931
630,50,18.20689655,20,0,16,95.79310345
631,50,18.20689655,20,20.8,0,90.99310345
632,50,18.20689655,20,40,0,71.79310345
633,50,18.20689655,35,0,16,80.79310345
634,50,18.20689655,35,20.8,0,75.99310345
635,50,18.20689655,35,40,0,56.79310345
636,50,18.20689655,50,0,16,65.79310345
637,50,18.20689655,50,20.8,0,60.99310345
0,0,0,0,0,0,0
0,0,0,0,0,0,0
0,0,0,0,0,0,0
0,0,0,0,0,0,0
0,0,0,0,0,0,0
0,0,0,0,0,0,0
0,0,0,0,0,0,0
0,0,0,0,0,0,0
0,0,0,0,0,0,0
638,50,18.20689655,50,40,0,41.79310345
639,50,18.82758621,20,0,16,95.17241379
640,50,18.82758621,20,20.8,0,90.37241379
641,50,18.82758621,20,40,0,71.17241379
642,50,18.82758621,35,0,16,80.17241379
643,50,18.82758621,35,20.8,0,75.37241379
644,50,18.82758621,35,40,0,56.17241379
645,50,18.82758621,50,0,16,65.17241379
646,50,18.82758621,50,20.8,0,60.37241379
0,0,0,0,0,0,0
0,0,0,0,0,0,0
0,0,0,0,0,0,0
0,0,0,0,0,0,0
0,0,0,0,0,0,0
0,0,0,0,0,0,0
0,0,0,0,0,0,0
0,0,0,0,0,0,0
0,0,0,0,0,0,0
647,50,18.82758621,50,40,0,41.17241379
648,50,19.44827586,20,0,16,94.55172414
649,50,19.44827586,20,20.8,0,89.75172414
650,50,19.44827586,20,40,0,70.55172414
651,50,19.44827586,35,0,16,79.55172414
652,50,19.44827586,35,20.8,0,74.75172414
653,50,19.44827586,35,40,0,55.55172414
654,50,19.44827586,50,0,16,64.55172414
655,50,19.44827586,50,20.8,0,59.75172414
0,0,0,0,0,0,0
0,0,0,0,0,0,0
0,0,0,0,0,0,0
0,0,0,0,0,0,0
0,0,0,0,0,0,0
0,0,0,0,0,0,0
0,0,0,0,0,0,0
0,0,0,0,0,0,0
0,0,0,0,0,0,0
656,50,19.44827586,50,40,0,40.55172414
657,50,20.06896552,20,0,16,93.93103448
658,50,20.06896552,20,20.8,0,89.13103448
659,50,20.06896552,20,40,0,69.93103448
660,50,20.06896552,35,0,16,78.93103448
661,50,20.06896552,35,20.8,0,74.13103448
662,50,20.06896552,35,40,0,54.93103448
663,50,20.06896552,50,0,16,63.93103448
664,50,20.06896552,50,20.8,0,59.13103448
0,0,0,0,0,0,0
0,0,0,0,0,0,0
0,0,0,0,0,0,0
0,0,0,0,0,0,0
0,0,0,0,0,0,0
0,0,0,0,0,0,0
0,0,0,0,0,0,0
0,0,0,0,0,0,0
0,0,0,0,0,0,0
665,50,20.06896552,50,40,0,39.93103448
666,50,20.68965517,20,0,16,93.31034483
667,50,20.68965517,20,20.8,0,88.51034483
668,50,20.68965517,20,40,0,69.31034483
669,50,20.68965517,35,0,16,78.31034483
670,50,20.68965517,35,20.8,0,73.51034483
671,50,20.68965517,35,40,0,54.31034483
672,50,20.68965517,50,0,16,63.31034483
673,50,20.68965517,50,20.8,0,58.51034483
0,0,0,0,0,0,0
0,0,0,0,0,0,0
0,0,0,0,0,0,0
0,0,0,0,0,0,0
0,0,0,0,0,0,0
0,0,0,0,0,0,0
0,0,0,0,0,0,0
0,0,0,0,0,0,0
0,0,0,0,0,0,0
674,50,20.68965517,50,40,0,39.31034483
675,50,21.31034483,20,0,16,92.68965517
676,50,21.31034483,20,20.8,0,87.88965517
677,50,21.31034483,20,40,0,68.68965517
678,50,21.31034483,35,0,16,77.68965517
679,50,21.31034483,35,20.8,0,72.88965517
680,50,21.31034483,35,40,0,53.68965517
681,50,21.31034483,50,0,16,62.68965517
682,50,21.31034483,50,20.8,0,57.88965517
0,0,0,0,0,0,0
0,0,0,0,0,0,0
0,0,0,0,0,0,0
0,0,0,0,0,0,0
0,0,0,0,0,0,0
0,0,0,0,0,0,0
0,0,0,0,0,0,0
0,0,0,0,0,0,0
0,0,0,0,0,0,0
683,50,21.31034483,50,40,0,38.68965517
684,50,21.93103448,20,0,16,92.06896552
685,50,21.93103448,20,20.8,0,87.26896552
686,50,21.93103448,20,40,0,68.06896552
687,50,21.93103448,35,0,16,77.06896552
688,50,21.93103448,35,20.8,0,72.26896552
689,50,21.93103448,35,40,0,53.06896552
690,50,21.93103448,50,0,16,62.06896552
691,50,21.93103448,50,20.8,0,57.26896552
0,0,0,0,0,0,0
0,0,0,0,0,0,0
0,0,0,0,0,0,0
0,0,0,0,0,0,0
0,0,0,0,0,0,0
0,0,0,0,0,0,0
0,0,0,0,0,0,0
0,0,0,0,0,0,0
0,0,0,0,0,0,0
692,50,21.93103448,50,40,0,38.06896552
693,50,22.55172414,20,0,16,91.44827586
694,50,22.55172414,20,20.8,0,86.64827586
695,50,22.55172414,20,40,0,67.44827586
696,50,22.55172414,35,0,16,76.44827586
697,50,22.55172414,35,20.8,0,71.64827586
698,50,22.55172414,35,40,0,52.44827586
699,50,22.55172414,50,0,16,61.44827586
700,50,22.55172414,50,20.8,0,56.64827586
0,0,0,0,0,0,0
0,0,0,0,0,0,0
0,0,0,0,0,0,0
0,0,0,0,0,0,0
0,0,0,0,0,0,0
0,0,0,0,0,0,0
0,0,0,0,0,0,0
0,0,0,0,0,0,0
0,0,0,0,0,0,0
701,50,22.55172414,50,40,0,37.44827586
702,50,23.17241379,20,0,16,90.82758621
703,50,23.17241379,20,20.8,0,86.02758621
704,50,23.17241379,20,40,0,66.82758621
705,50,23.17241379,35,0,16,75.82758621
706,50,23.17241379,35,20.8,0,71.02758621
707,50,23.17241379,35,40,0,51.82758621
708,50,23.17241379,50,0,16,60.82758621
709,50,23.17241379,50,20.8,0,56.02758621
0,0,0,0,0,0,0
0,0,0,0,0,0,0
0,0,0,0,0,0,0
0,0,0,0,0,0,0
0,0,0,0,0,0,0
0,0,0,0,0,0,0
0,0,0,0,0,0,0
0,0,0,0,0,0,0
0,0,0,0,0,0,0
710,50,23.17241379,50,40,0,36.82758621
711,50,23.79310345,20,0,16,90.20689655
712,50,23.79310345,20,20.8,0,85.40689655
713,50,23.79310345,20,40,0,66.20689655
714,50,23.79310345,35,0,16,75.20689655
715,50,23.79310345,35,20.8,0,70.40689655
716,50,23.79310345,35,40,0,51.20689655
717,50,23.79310345,50,0,16,60.20689655
718,50,23.79310345,50,20.8,0,55.40689655
0,0,0,0,0,0,0
0,0,0,0,0,0,0
0,0,0,0,0,0,0
0,0,0,0,0,0,0
0,0,0,0,0,0,0
0,0,0,0,0,0,0
0,0,0,0,0,0,0
0,0,0,0,0,0,0
0,0,0,0,0,0,0
719,50,23.79310345,50,40,0,36.20689655
720,50,24.4137931,20,0,16,89.5862069
721,50,24.4137931,20,20.8,0,84.7862069
722,50,24.4137931,20,40,0,65.5862069
723,50,24.4137931,35,0,16,74.5862069
724,50,24.4137931,35,20.8,0,69.7862069
725,50,24.4137931,35,40,0,50.5862069
726,50,24.4137931,50,0,16,59.5862069
727,50,24.4137931,50,20.8,0,54.7862069
0,0,0,0,0,0,0
0,0,0,0,0,0,0
0,0,0,0,0,0,0
0,0,0,0,0,0,0
0,0,0,0,0,0,0
0,0,0,0,0,0,0
0,0,0,0,0,0,0
0,0,0,0,0,0,0
0,0,0,0,0,0,0
728,50,24.4137931,50,40,0,35.5862069
729,50,25.03448276,20,0,16,88.96551724
730,50,25.03448276,20,20.8,0,84.16551724
731,50,25.03448276,20,40,0,64.96551724
732,50,25.03448276,35,0,16,73.96551724
733,50,25.03448276,35,20.8,0,69.16551724
734,50,25.03448276,35,40,0,49.96551724
735,50,25.03448276,50,0,16,58.96551724
736,50,25.03448276,50,20.8,0,54.16551724
0,0,0,0,0,0,0
0,0,0,0,0,0,0
0,0,0,0,0,0,0
0,0,0,0,0,0,0
0,0,0,0,0,0,0
0,0,0,0,0,0,0
0,0,0,0,0,0,0
0,0,0,0,0,0,0
0,0,0,0,0,0,0
737,50,25.03448276,50,40,0,34.96551724
738,50,25.65517241,20,0,16,88.34482759
739,50,25.65517241,20,20.8,0,83.54482759
740,50,25.65517241,20,40,0,64.34482759
741,50,25.65517241,35,0,16,73.34482759
742,50,25.65517241,35,20.8,0,68.54482759
743,50,25.65517241,35,40,0,49.34482759
744,50,25.65517241,50,0,16,58.34482759
745,50,25.65517241,50,20.8,0,53.54482759
0,0,0,0,0,0,0
0,0,0,0,0,0,0
0,0,0,0,0,0,0
0,0,0,0,0,0,0
0,0,0,0,0,0,0
0,0,0,0,0,0,0
0,0,0,0,0,0,0
0,0,0,0,0,0,0
0,0,0,0,0,0,0
746,50,25.65517241,50,40,0,34.34482759
747,50,26.27586207,20,0,16,87.72413793
748,50,26.27586207,20,20.8,0,82.92413793
749,50,26.27586207,20,40,0,63.72413793
750,50,26.27586207,35,0,16,72.72413793
751,50,26.27586207,35,20.8,0,67.92413793
752,50,26.27586207,35,40,0,48.72413793
753,50,26.27586207,50,0,16,57.72413793
754,50,26.27586207,50,20.8,0,52.92413793
0,0,0,0,0,0,0
0,0,0,0,0,0,0
0,0,0,0,0,0,0
0,0,0,0,0,0,0
0,0,0,0,0,0,0
0,0,0,0,0,0,0
0,0,0,0,0,0,0
0,0,0,0,0,0,0
0,0,0,0,0,0,0
755,50,26.27586207,50,40,0,33.72413793
756,50,26.89655172,20,0,16,87.10344828
757,50,26.89655172,20,20.8,0,82.30344828
758,50,26.89655172,20,40,0,63.10344828
759,50,26.89655172,35,0,16,72.10344828
760,50,26.89655172,35,20.8,0,67.30344828
761,50,26.89655172,35,40,0,48.10344828
762,50,26.89655172,50,0,16,57.10344828
763,50,26.89655172,50,20.8,0,52.30344828
0,0,0,0,0,0,0
0,0,0,0,0,0,0
0,0,0,0,0,0,0
0,0,0,0,0,0,0
0,0,0,0,0,0,0
0,0,0,0,0,0,0
0,0,0,0,0,0,0
0,0,0,0,0,0,0
0,0,0,0,0,0,0
764,50,26.89655172,50,40,0,33.10344828
765,50,27.51724138,20,0,16,86.48275862
766,50,27.51724138,20,20.8,0,81.68275862
767,50,27.51724138,20,40,0,62.48275862
768,50,27.51724138,35,0,16,71.48275862
769,50,27.51724138,35,20.8,0,66.68275862
770,50,27.51724138,35,40,0,47.48275862
771,50,27.51724138,50,0,16,56.48275862
772,50,27.51724138,50,20.8,0,51.68275862
0,0,0,0,0,0,0
0,0,0,0,0,0,0
0,0,0,0,0,0,0
0,0,0,0,0,0,0
0,0,0,0,0,0,0
0,0,0,0,0,0,0
0,0,0,0,0,0,0
0,0,0,0,0,0,0
0,0,0,0,0,0,0
773,50,27.51724138,50,40,0,32.48275862
774,50,28.13793103,20,0,16,85.86206897
775,50,28.13793103,20,20.8,0,81.06206897
776,50,28.13793103,20,40,0,61.86206897
777,50,28.13793103,35,0,16,70.86206897
778,50,28.13793103,35,20.8,0,66.06206897
779,50,28.13793103,35,40,0,46.86206897
780,50,28.13793103,50,0,16,55.86206897
781,50,28.13793103,50,20.8,0,51.06206897
0,0,0,0,0,0,0
0,0,0,0,0,0,0
0,0,0,0,0,0,0
0,0,0,0,0,0,0
0,0,0,0,0,0,0
0,0,0,0,0,0,0
0,0,0,0,0,0,0
0,0,0,0,0,0,0
0,0,0,0,0,0,0
782,50,28.13793103,50,40,0,31.86206897
783,50,28.75862069,20,0,16,85.24137931
784,50,28.75862069,20,20.8,0,80.44137931
785,50,28.75862069,20,40,0,61.24137931
786,50,28.75862069,35,0,16,70.24137931
787,50,28.75862069,35,20.8,0,65.44137931
788,50,28.75862069,35,40,0,46.24137931
789,50,28.75862069,50,0,16,55.24137931
790,50,28.75862069,50,20.8,0,50.44137931
0,0,0,0,0,0,0
0,0,0,0,0,0,0
0,0,0,0,0,0,0
0,0,0,0,0,0,0
0,0,0,0,0,0,0
0,0,0,0,0,0,0
0,0,0,0,0,0,0
0,0,0,0,0,0,0
0,0,0,0,0,0,0
791,50,28.75862069,50,40,0,31.24137931
792,50,29.37931034,20,0,16,84.62068966
793,50,29.37931034,20,20.8,0,79.82068966
794,50,29.37931034,20,40,0,60.62068966
795,50,29.37931034,35,0,16,69.62068966
796,50,29.37931034,35,20.8,0,64.82068966
797,50,29.37931034,35,40,0,45.62068966
798,50,29.37931034,50,0,16,54.62068966
799,50,29.37931034,50,20.8,0,49.82068966
0,0,0,0,0,0,0
0,0,0,0,0,0,0
0,0,0,0,0,0,0
0,0,0,0,0,0,0
0,0,0,0,0,0,0
0,0,0,0,0,0,0
0,0,0,0,0,0,0
0,0,0,0,0,0,0
0,0,0,0,0,0,0
800,50,29.37931034,50,40,0,30.62068966
801,50,30,20,0,16,84
802,50,30,20,20.8,0,79.2
803,50,30,20,40,0,60
804,50,30,35,0,16,69
805,50,30,35,20.8,0,64.2
806,50,30,35,40,0,45
807,50,30,50,0,16,54
808,50,30,50,20.8,0,49.2
0,0,0,0,0,0,0
0,0,0,0,0,0,0
0,0,0,0,0,0,0
0,0,0,0,0,0,0
0,0,0,0,0,0,0
0,0,0,0,0,0,0
0,0,0,0,0,0,0
0,0,0,0,0,0,0
0,0,0,0,0,0,0
809,50,30,50,40,0,30
